Year,Date,Location,Opponent,Result,IlliniScore,OpponentScore,Note1,Note2,Note3
2014,8/30,vs.,Youngstown State,W,28,17,,,
2014,9/6,vs.,Western Kentucky,W,42,34,,,
2014,9/13,@,Washington,L,19,44,,,
2014,9/20,vs.,Texas State,W,42,35,,,
2014,9/27,@,Nebraska,L,14,45,,,
2014,10/4,vs.,Purdue,L,27,38,,,
2014,10/11,@,Wisconsin,L,28,38,,,
2014,10/25,vs.,Minnesota,W,28,24,,,
2014,11/1,@,Ohio State,L,14,55,,,
2014,11/15,vs.,Iowa,L,14,30,,,
2014,11/22,vs.,Penn State,W,16,14,,,
2014,11/29,@,Northwestern,W,47,33,,,
2014,12/26,vs.,Louisiana Tech,L,18,35,@ Dallas, TX,Heart of Dallas Bowl
2013,8/31,vs.,Southern Illinois,W,42,34,,,
2013,9/7,vs.,Cincinnati,W,45,17,,,
2013,9/14,vs.,Washington,L,24,34,@ Chicago, IL,
2013,9/28,vs.,Miami,W,50,14,,,
2013,10/5,@,Nebraska,L,19,39,,,
2013,10/19,vs.,Wisconsin,L,32,56,,,
2013,10/26,vs.,Michigan State,L,3,42,,,
2013,11/2,@,Penn State,L,17,24,,,
2013,11/9,@,Indiana,L,35,52,,,
2013,11/16,vs.,Ohio State,L,35,60,,,
2013,11/23,@,Purdue,W,20,16,,,
2013,11/30,vs.,Northwestern,L,34,37,,,
2012,9/1,vs.,Western Michigan,W,24,7,,,
2012,9/8,@,Arizona State,L,14,45,,,
2012,9/15,vs.,Charleston Southern,W,44,0,,,
2012,9/22,vs.,Louisiana Tech,L,24,52,,,
2012,9/29,vs.,Penn State,L,7,35,,,
2012,10/6,@,Wisconsin,L,14,31,,,
2012,10/13,@,Michigan,L,0,45,,,
2012,10/27,vs.,Indiana,L,17,31,,,
2012,11/3,@,Ohio State,L,22,52,,,
2012,11/10,vs.,Minnesota,L,3,17,,,
2012,11/17,vs.,Purdue,L,17,20,,,
2012,11/24,@,Northwestern,L,14,50,,,
2011,9/3,vs.,Arkansas State,W,33,15,,,
2011,9/10,vs.,South Dakota State,W,56,3,,,
2011,9/17,vs.,Arizona State,W,17,14,,,
2011,9/24,vs.,Western Michigan,W,23,20,,,
2011,10/1,vs.,Northwestern,W,38,35,,,
2011,10/8,@,Indiana,W,41,20,,,
2011,10/15,vs.,Ohio State,L,7,17,,,
2011,10/22,@,Purdue,L,14,21,,,
2011,10/29,@,Penn State,L,7,10,,,
2011,11/12,vs.,Michigan,L,14,31,,,
2011,11/19,vs.,Wisconsin,L,17,28,,,
2011,11/26,@,Minnesota,L,7,27,,,
2011,12/31,vs.,UCLA,W,20,14,@ San Francisco, CA,Fight Hunger Bowl
2010,9/4,vs.,Missouri,L,13,23,@ St. Louis, MO,
2010,9/11,vs.,Southern Illinois,W,35,3,,,
2010,9/18,vs.,Northern Illinois,W,28,22,,,
2010,10/2,vs.,Ohio State,L,13,24,,,
2010,10/9,@,Penn State,W,33,13,,,
2010,10/16,@,Michigan State,L,6,26,,,
2010,10/23,vs.,Indiana,W,43,13,,,
2010,10/30,vs.,Purdue,W,44,10,,,
2010,11/6,@,Michigan,L,65,67,,,
2010,11/13,vs.,Minnesota,L,34,38,,,
2010,11/20,vs.,Northwestern,W,48,27,@ Chicago, IL,
2010,12/3,@,Fresno State,L,23,25,,,
2010,12/29,vs.,Baylor,W,38,14,@ Houston, TX,Texas Bowl
2009,9/5,vs.,Missouri,L,9,37,@ St. Louis, MO,
2009,9/12,vs.,Illinois State,W,45,17,,,
2009,9/26,@,Ohio State,L,0,30,,,
2009,10/3,vs.,Penn State,L,17,35,,,
2009,10/10,vs.,Michigan State,L,14,24,,,
2009,10/17,@,Indiana,L,14,27,,,
2009,10/24,@,Purdue,L,14,24,,,
2009,10/31,vs.,Michigan,W,38,13,,,
2009,11/7,@,Minnesota,W,35,32,,,
2009,11/14,vs.,Northwestern,L,16,21,,,
2009,11/27,@,Cincinnati,L,36,49,,,
2009,12/5,vs.,Fresno State,L,52,53,,,
2008,8/30,vs.,Missouri,L,42,52,@ St. Louis, MO,
2008,9/6,vs.,Eastern Illinois,W,47,21,,,
2008,9/13,vs.,Louisiana-Lafayette,W,20,17,,,
2008,9/27,@,Penn State,L,24,38,,,
2008,10/4,@,Michigan,W,45,20,,,
2008,10/11,vs.,Minnesota,L,20,27,,,
2008,10/18,vs.,Indiana,W,55,13,,,
2008,10/25,@,Wisconsin,L,17,27,,,
2008,11/1,vs.,Iowa,W,27,24,,,
2008,11/8,vs.,Western Michigan,L,17,23,@ Detroit, MI,
2008,11/15,vs.,Ohio State,L,20,30,,,
2008,11/22,@,Northwestern,L,10,27,,,
2007,9/1,vs.,Missouri,L,34,40,@ St. Louis, MO,
2007,9/8,vs.,Western Illinois,W,21,0,,,
2007,9/15,@,Syracuse,W,41,20,,,
2007,9/22,@,Indiana,W,27,14,,,
2007,9/29,vs.,Penn State,W,27,20,,,
2007,10/6,vs.,Wisconsin,W,31,26,,,
2007,10/13,@,Iowa,L,6,10,,,
2007,10/20,vs.,Michigan,L,17,27,,,
2007,10/27,vs.,Ball State,W,28,17,,,
2007,11/3,@,Minnesota,W,44,17,,,
2007,11/10,@,Ohio State,W,28,21,,,
2007,11/17,vs.,Northwestern,W,41,22,,,
2007,1/1,vs.,Southern California,L,17,49,@ Pasadena, CA,Rose Bowl
2006,9/2,vs.,Eastern Illinois,W,42,17,,,
2006,9/9,@,Rutgers,L,0,33,,,
2006,9/16,vs.,Syracuse,L,21,31,,,
2006,9/23,vs.,Iowa,L,7,24,,,
2006,9/30,@,Michigan State,W,23,20,,,
2006,10/7,vs.,Indiana,L,32,34,,,
2006,10/14,vs.,Ohio,L,17,20,,,
2006,10/21,@,Penn State,L,12,26,,,
2006,10/28,@,Wisconsin,L,24,30,,,
2006,11/4,vs.,Ohio State,L,10,17,,,
2006,11/11,vs.,Purdue,L,31,42,,,
2006,11/18,@,Northwestern,L,16,27,,,
2005,9/3,vs.,Rutgers,W,33,30,,,
2005,9/10,vs.,San Jose State,W,40,19,,,
2005,9/17,@,California,L,20,35,,,
2005,9/24,vs.,Michigan State,L,14,61,,,
2005,10/1,@,Iowa,L,7,35,,,
2005,10/8,@,Indiana,L,13,36,,,
2005,10/22,vs.,Penn State,L,10,63,,,
2005,10/29,vs.,Wisconsin,L,24,41,,,
2005,11/5,@,Ohio State,L,2,40,,,
2005,11/12,@,Purdue,L,3,37,,,
2005,11/19,vs.,Northwestern,L,21,38,,,
2004,9/4,vs.,Florida A&M,W,52,13,,,
2004,9/11,vs.,UCLA,L,17,35,,,
2004,9/18,vs.,Western Michigan,W,30,27,,,
2004,9/25,vs.,Purdue,L,30,38,,,
2004,10/2,@,Wisconsin,L,7,24,,,
2004,10/9,@,Michigan State,L,25,38,,,
2004,10/16,vs.,Michigan,L,19,30,,,
2004,10/23,@,Minnesota,L,0,45,,,
2004,10/30,vs.,Iowa,L,13,23,,,
2004,11/6,vs.,Indiana,W,26,22,,,
2004,11/20,@,Northwestern,L,21,28,,,
2003,8/30,vs.,Missouri,L,15,22,@ St. Louis, MO,
2003,9/6,vs.,Illinois State,W,49,22,,,
2003,9/13,@,UCLA,L,3,6,,,
2003,9/20,vs.,California,L,24,31,,,
2003,9/27,vs.,Wisconsin,L,20,38,,,
2003,10/4,@,Purdue,L,10,43,,,
2003,10/11,vs.,Michigan State,L,14,49,,,
2003,10/18,@,Michigan,L,14,56,,,
2003,10/25,vs.,Minnesota,L,10,36,,,
2003,11/1,@,Iowa,L,10,41,,,
2003,11/8,@,Indiana,L,14,17,,,
2003,11/22,vs.,Northwestern,L,20,37,,,
2002,8/31,vs.,Missouri,L,20,33,@ St. Louis, MO,
2002,9/7,@,Southern Mississippi,L,20,23,,,
2002,9/14,vs.,Arkansas State,W,59,7,,,
2002,9/21,vs.,San Jose State,L,35,38,,,
2002,9/28,vs.,Michigan,L,28,45,,,
2002,10/3,@,Minnesota,L,10,31,,,
2002,10/12,vs.,Purdue,W,38,31,,,
2002,10/26,vs.,Indiana,W,45,14,,,
2002,11/2,@,Penn State,L,7,18,,,
2002,11/9,@,Wisconsin,W,37,20,,,
2002,11/16,vs.,Ohio State,L,16,23,,,
2002,11/23,@,Northwestern,W,31,24,,,
2001,9/1,@,California,W,44,17,,,
2001,9/8,vs.,Northern Illinois,W,17,12,,,
2001,9/22,vs.,Louisville,W,34,10,,,
2001,9/29,@,Michigan,L,20,45,,,
2001,10/6,vs.,Minnesota,W,25,14,,,
2001,10/13,@,Indiana,W,35,14,,,
2001,10/20,vs.,Wisconsin,W,42,35,,,
2001,11/3,@,Purdue,W,38,13,,,
2001,11/10,vs.,Penn State,W,33,28,,,
2001,11/17,@,Ohio State,W,34,22,,,
2001,11/22,vs.,Northwestern,W,34,28,,,
2001,1/1,vs.,Louisiana State,L,34,47,@ New Orleans, LA,Sugar Bowl
2000,9/2,vs.,Middle Tennessee State,W,35,6,,,
2000,9/9,@,San Diego State,W,49,13,,,
2000,9/16,vs.,California,W,17,15,,,
2000,9/23,vs.,Michigan,L,31,35,,,
2000,9/30,@,Minnesota,L,10,44,,,
2000,10/14,vs.,Iowa,W,31,0,,,
2000,10/21,@,Penn State,L,25,39,,,
2000,10/28,@,Michigan State,L,10,14,,,
2000,11/4,vs.,Indiana,W,42,35,,,
2000,11/11,vs.,Ohio State,L,21,24,,,
2000,11/18,@,Northwestern,L,23,61,,,
1999,9/4,vs.,Arkansas State,W,41,3,,,
1999,9/11,vs.,San Diego State,W,38,10,,,
1999,9/18,@,Louisville,W,41,36,,,
1999,9/25,vs.,Michigan State,L,10,27,,,
1999,10/2,@,Indiana,L,31,34,,,
1999,10/16,vs.,Minnesota,L,7,37,,,
1999,10/23,@,Michigan,W,35,29,,,
1999,10/30,vs.,Penn State,L,7,27,,,
1999,11/6,@,Iowa,W,40,24,,,
1999,11/13,@,Ohio State,W,46,20,,,
1999,11/20,vs.,Northwestern,W,29,7,,,
1999,12/30,vs.,Virginia,W,63,21,@ Miami, FL,Micron PC Bowl
1998,9/5,@,Washington State,L,13,20,,,
1998,9/12,vs.,Middle Tennessee State,W,48,20,,,
1998,9/19,vs.,Louisville,L,9,35,,,
1998,9/26,vs.,Iowa,L,14,37,,,
1998,10/3,@,Northwestern,W,13,10,,,
1998,10/10,vs.,Ohio State,L,0,41,,,
1998,10/17,vs.,Wisconsin,L,3,37,,,
1998,10/24,@,Purdue,L,9,42,,,
1998,10/31,@,Penn State,L,0,27,,,
1998,11/7,vs.,Indiana,W,31,16,,,
1998,11/21,@,Michigan State,L,9,41,,,
1997,9/6,vs.,Southern Mississippi,L,7,24,,,
1997,9/13,@,Louisville,L,14,26,,,
1997,9/20,vs.,Washington State,L,22,35,,,
1997,9/27,@,Iowa,L,10,38,,,
1997,10/4,vs.,Penn State,L,6,41,,,
1997,10/11,@,Wisconsin,L,7,31,,,
1997,10/25,vs.,Purdue,L,3,48,,,
1997,11/1,@,Indiana,L,6,23,,,
1997,11/8,vs.,Northwestern,L,21,34,,,
1997,11/15,@,Ohio State,L,6,41,,,
1997,11/22,vs.,Michigan State,L,17,27,,,
1996,8/31,@,Michigan,L,8,20,,,
1996,9/7,vs.,Southern California,L,3,55,,,
1996,9/14,@,Arizona,L,0,41,,,
1996,9/21,vs.,Akron,W,38,7,,,
1996,10/5,vs.,Indiana,W,46,43,,,
1996,10/12,@,Michigan State,L,14,42,,,
1996,10/26,@,Northwestern,L,24,27,,,
1996,11/2,vs.,Iowa,L,21,31,,,
1996,11/9,vs.,Ohio State,L,0,48,,,
1996,11/16,@,Minnesota,L,21,23,,,
1996,11/23,vs.,Wisconsin,L,15,35,,,
1995,9/2,vs.,Michigan,L,14,38,,,
1995,9/9,@,Oregon,L,31,34,,,
1995,9/16,vs.,Arizona,W,9,7,,,
1995,9/23,vs.,East Carolina,W,7,0,,,
1995,10/7,@,Indiana,W,17,10,,,
1995,10/14,vs.,Michigan State,L,21,27,,,
1995,10/28,vs.,Northwestern,L,14,17,,,
1995,11/4,@,Iowa,W,26,7,,,
1995,11/11,@,Ohio State,L,3,41,,,
1995,11/18,vs.,Minnesota,W,48,14,,,
1995,11/25,@,Wisconsin,T,3,3,,,
1994,9/1,vs.,Washington State,L,9,10,@ Chicago, IL,
1994,9/10,vs.,Missouri,W,42,0,,,
1994,9/17,vs.,Northern Illinois,W,34,10,,,
1994,10/1,vs.,Purdue,L,16,22,,,
1994,10/8,@,Ohio State,W,24,10,,,
1994,10/15,vs.,Iowa,W,47,7,,,
1994,10/22,vs.,Michigan,L,14,19,,,
1994,10/29,@,Northwestern,W,28,7,,,
1994,11/5,@,Minnesota,W,21,17,,,
1994,11/12,vs.,Penn State,L,31,35,,,
1994,11/19,@,Wisconsin,L,13,19,,,
1994,12/31,vs.,East Carolina,W,30,0,@ Memphis, TN,Liberty Bowl
1993,9/11,@,Missouri,L,3,31,,,
1993,9/18,vs.,Arizona,L,14,16,,,
1993,9/25,vs.,Oregon,L,7,13,,,
1993,10/2,@,Purdue,W,28,10,,,
1993,10/9,vs.,Ohio State,L,12,20,,,
1993,10/16,@,Iowa,W,49,3,,,
1993,10/23,@,Michigan,W,24,21,,,
1993,10/30,vs.,Northwestern,W,20,13,,,
1993,11/6,vs.,Minnesota,W,23,20,,,
1993,11/13,@,Penn State,L,14,28,,,
1993,11/20,vs.,Wisconsin,L,10,35,,,
1992,9/5,vs.,Northern Illinois,W,30,14,,,
1992,9/12,vs.,Missouri,W,24,17,,,
1992,9/19,@,Houston,L,13,31,,,
1992,10/3,@,Minnesota,L,17,18,,,
1992,10/10,@,Ohio State,W,18,16,,,
1992,10/17,vs.,Iowa,L,14,24,,,
1992,10/24,vs.,Northwestern,L,26,27,,,
1992,10/31,@,Wisconsin,W,13,12,,,
1992,11/7,vs.,Purdue,W,20,17,,,
1992,11/14,@,Michigan,T,22,22,,,
1992,11/21,vs.,Michigan State,W,14,10,,,
1992,12/30,vs.,Hawaii,L,17,27,@ San Diego, CA,Holiday Bowl
1991,8/31,vs.,East Carolina,W,38,31,,,
1991,9/14,@,Missouri,L,19,23,,,
1991,9/21,vs.,Houston,W,51,10,,,
1991,10/5,vs.,Minnesota,W,24,3,,,
1991,10/12,vs.,Ohio State,W,10,7,,,
1991,10/19,@,Iowa,L,21,24,,,
1991,10/26,@,Northwestern,L,11,17,,,
1991,11/2,vs.,Wisconsin,W,22,6,,,
1991,11/9,@,Purdue,W,41,14,,,
1991,11/16,vs.,Michigan,L,0,20,,,
1991,11/23,@,Michigan State,L,24,27,,,
1991,12/31,vs.,UCLA,L,3,6,@ El Paso, TX,Sun Bowl
1990,9/8,@,Arizona,L,16,28,,,
1990,9/15,vs.,Colorado,W,23,22,,,
1990,9/22,vs.,Southern Illinois,W,56,21,,,
1990,10/6,@,Ohio State,W,31,20,,,
1990,10/13,vs.,Purdue,W,34,0,,,
1990,10/20,vs.,Michigan State,W,15,13,,,
1990,10/27,@,Wisconsin,W,21,3,,,
1990,11/3,vs.,Iowa,L,28,54,,,
1990,11/10,@,Michigan,L,17,22,,,
1990,11/17,@,Indiana,W,24,10,,,
1990,11/24,vs.,Northwestern,W,28,23,,,
1990,1/1,vs.,Clemson,L,0,30,@ Tampa, FL,Hall of Fame Bowl
1989,9/4,@,Southern California,W,14,13,,,
1989,9/16,@,Colorado,L,7,38,,,
1989,9/23,vs.,Utah State,W,41,2,,,
1989,10/7,vs.,Ohio State,W,34,14,,,
1989,10/14,@,Purdue,W,14,2,,,
1989,10/21,@,Michigan State,W,14,10,,,
1989,10/28,vs.,Wisconsin,W,32,9,,,
1989,11/4,@,Iowa,W,31,7,,,
1989,11/11,vs.,Michigan,L,10,24,,,
1989,11/18,vs.,Indiana,W,41,28,,,
1989,11/25,@,Northwestern,W,63,14,,,
1989,1/1,vs.,Virginia,W,31,21,@ Orlando, FL,Citrus Bowl
1988,9/3,vs.,Washington State,L,7,44,,,
1988,9/10,@,Arizona State,L,16,21,,,
1988,9/17,vs.,Utah,W,35,24,,,
1988,10/1,@,Ohio State,W,31,12,,,
1988,10/8,vs.,Purdue,W,20,0,,,
1988,10/15,@,Wisconsin,W,34,6,,,
1988,10/22,vs.,Michigan State,L,21,28,,,
1988,10/29,@,Minnesota,T,27,27,,,
1988,11/5,vs.,Indiana,W,21,20,,,
1988,11/12,@,Michigan,L,9,38,,,
1988,11/19,vs.,Northwestern,W,14,9,,,
1988,12/29,vs.,Florida,L,10,14,@ Birmingham, AL,All-American Bowl
1987,9/5,@,North Carolina,L,14,34,,,
1987,9/12,vs.,Arizona State,L,7,21,,,
1987,9/19,vs.,East Carolina,W,20,10,,,
1987,10/3,vs.,Ohio State,L,6,10,,,
1987,10/10,@,Purdue,L,3,9,,,
1987,10/17,vs.,Wisconsin,W,16,14,,,
1987,10/24,@,Michigan State,T,14,14,,,
1987,10/31,vs.,Minnesota,W,27,17,,,
1987,11/7,@,Indiana,L,22,34,,,
1987,11/14,vs.,Michigan,L,14,17,,,
1987,11/21,@,Northwestern,L,10,28,,,
1986,9/6,vs.,Louisville,W,23,0,,,
1986,9/13,@,Southern California,L,16,31,,,
1986,9/20,vs.,Nebraska,L,14,59,,,
1986,10/4,@,Ohio State,L,0,14,,,
1986,10/11,vs.,Purdue,W,34,27,,,
1986,10/18,vs.,Michigan State,L,21,29,,,
1986,10/25,@,Wisconsin,L,9,15,,,
1986,11/1,@,Michigan,L,13,69,,,
1986,11/8,vs.,Iowa,W,20,16,,,
1986,11/15,@,Indiana,W,21,16,,,
1986,11/22,vs.,Northwestern,L,18,23,,,
1985,9/7,vs.,Southern California,L,10,20,,,
1985,9/14,vs.,Southern Illinois,W,28,25,,,
1985,9/21,@,Nebraska,L,25,52,,,
1985,10/5,vs.,Ohio State,W,31,28,,,
1985,10/12,@,Purdue,L,24,30,,,
1985,10/19,@,Michigan State,W,30,17,,,
1985,10/26,vs.,Wisconsin,W,38,25,,,
1985,11/2,vs.,Michigan,T,3,3,,,
1985,11/9,@,Iowa,L,0,59,,,
1985,11/16,vs.,Indiana,W,41,24,,,
1985,11/23,@,Northwestern,W,45,20,,,
1985,12/31,vs.,Army,L,29,31,@ Atlanta, GA,Peach Bowl
1984,9/1,vs.,Northwestern,W,24,16,,,
1984,9/8,vs.,Missouri,W,30,24,,,
1984,9/15,@,Stanford,L,19,34,,,
1984,9/22,vs.,Michigan State,W,40,7,,,
1984,9/29,@,Iowa,L,16,21,,,
1984,10/6,vs.,Wisconsin,W,22,6,,,
1984,10/13,@,Ohio State,L,38,45,,,
1984,10/20,vs.,Purdue,W,34,20,,,
1984,10/27,@,Michigan,L,18,26,,,
1984,11/3,vs.,Minnesota,W,48,3,,,
1984,11/10,vs.,Indiana,W,34,7,@ Indianapolis, IN,
1983,9/10,@,Missouri,L,18,28,,,
1983,9/17,vs.,Stanford,W,17,7,,,
1983,9/24,@,Michigan State,W,20,10,,,
1983,10/1,vs.,Iowa,W,33,0,,,
1983,10/8,@,Wisconsin,W,27,15,,,
1983,10/15,vs.,Ohio State,W,17,13,,,
1983,10/22,@,Purdue,W,35,21,,,
1983,10/29,vs.,Michigan,W,16,6,,,
1983,11/5,@,Minnesota,W,50,23,,,
1983,11/12,vs.,Indiana,W,49,21,,,
1983,11/19,@,Northwestern,W,56,24,,,
1983,1/2,vs.,UCLA,L,9,45,@ Pasadena, CA,Rose Bowl
1982,9/4,vs.,Northwestern,W,49,13,,,
1982,9/11,vs.,Michigan State,W,23,16,,,
1982,9/18,@,Syracuse,W,47,10,,,
1982,9/25,vs.,Pittsburgh,L,3,20,,,
1982,10/2,@,Minnesota,W,42,24,,,
1982,10/9,vs.,Purdue,W,38,34,,,
1982,10/16,vs.,Ohio State,L,21,26,,,
1982,10/23,@,Wisconsin,W,29,28,,,
1982,10/30,@,Iowa,L,13,14,,,
1982,11/6,vs.,Michigan,L,10,16,,,
1982,11/13,@,Indiana,W,48,7,,,
1982,12/29,vs.,Alabama,L,15,21,@ Memphis, TN,Liberty Bowl
1981,9/5,@,Pittsburgh,L,6,26,,,
1981,9/12,@,Michigan State,W,27,17,,,
1981,9/19,vs.,Syracuse,W,17,14,,,
1981,10/3,vs.,Minnesota,W,38,29,,,
1981,10/10,@,Purdue,L,20,44,,,
1981,10/17,@,Ohio State,L,27,34,,,
1981,10/24,vs.,Wisconsin,W,23,21,,,
1981,10/31,vs.,Iowa,W,24,7,,,
1981,11/7,@,Michigan,L,21,70,,,
1981,11/14,vs.,Indiana,W,35,14,,,
1981,11/21,@,Northwestern,W,49,12,,,
1980,9/6,vs.,Northwestern,W,35,9,,,
1980,9/13,vs.,Michigan State,W,20,17,,,
1980,9/20,@,Missouri,L,7,52,,,
1980,9/27,vs.,Air Force,T,20,20,,,
1980,10/4,vs.,Mississippi State,L,21,28,,,
1980,10/11,@,Iowa,W,20,14,,,
1980,10/18,vs.,Purdue,L,20,45,,,
1980,10/25,@,Michigan,L,14,45,,,
1980,11/1,vs.,Minnesota,L,18,21,,,
1980,11/8,@,Ohio State,L,42,49,,,
1980,11/15,@,Indiana,L,24,26,,,
1979,9/8,@,Michigan State,L,16,33,,,
1979,9/15,vs.,Missouri,L,6,14,,,
1979,9/22,@,Air Force,W,27,19,,,
1979,9/29,vs.,Navy,L,12,13,,,
1979,10/6,vs.,Iowa,L,7,13,,,
1979,10/13,@,Purdue,L,14,28,,,
1979,10/20,vs.,Michigan,L,7,27,,,
1979,10/27,@,Minnesota,T,17,17,,,
1979,11/3,vs.,Ohio State,L,7,44,,,
1979,11/10,vs.,Indiana,L,14,45,,,
1979,11/17,@,Northwestern,W,29,13,,,
1978,9/9,vs.,Northwestern,T,0,0,,,
1978,9/16,@,Michigan,L,0,31,,,
1978,9/23,vs.,Stanford,L,10,35,,,
1978,9/30,@,Syracuse,W,28,14,,,
1978,10/7,@,Missouri,L,3,45,,,
1978,10/14,vs.,Wisconsin,T,20,20,,,
1978,10/21,vs.,Purdue,L,0,13,,,
1978,10/28,@,Indiana,L,10,31,,,
1978,11/4,vs.,Michigan State,L,19,59,,,
1978,11/11,@,Ohio State,L,7,45,,,
1978,11/18,@,Minnesota,L,6,24,,,
1977,9/10,vs.,Michigan,L,9,37,,,
1977,9/17,vs.,Missouri,W,11,7,,,
1977,9/24,@,Stanford,L,24,37,,,
1977,10/1,vs.,Syracuse,L,20,30,,,
1977,10/8,@,Wisconsin,L,0,26,,,
1977,10/15,@,Purdue,W,29,22,,,
1977,10/22,vs.,Indiana,W,21,7,,,
1977,10/29,@,Michigan State,L,20,49,,,
1977,11/5,vs.,Ohio State,L,0,35,,,
1977,11/12,vs.,Minnesota,L,0,21,,,
1977,11/19,@,Northwestern,L,7,21,,,
1976,9/11,vs.,Iowa,W,24,6,,,
1976,9/18,@,Missouri,W,31,6,,,
1976,9/25,vs.,Baylor,L,19,34,,,
1976,10/2,vs.,Texas A&M,L,7,14,,,
1976,10/9,@,Minnesota,L,14,29,,,
1976,10/16,@,Purdue,W,21,17,,,
1976,10/23,vs.,Michigan State,L,23,31,,,
1976,10/30,vs.,Wisconsin,W,31,25,,,
1976,11/6,@,Ohio State,L,10,42,,,
1976,11/13,@,Michigan,L,7,38,,,
1976,11/20,vs.,Northwestern,W,48,6,,,
1975,9/13,@,Iowa,W,27,12,,,
1975,9/20,vs.,Missouri,L,20,30,,,
1975,9/27,@,Texas A&M,L,13,43,,,
1975,10/4,vs.,Washington State,W,27,21,,,
1975,10/11,vs.,Minnesota,W,42,23,,,
1975,10/18,vs.,Purdue,L,24,26,,,
1975,10/25,@,Michigan State,W,21,19,,,
1975,11/1,@,Wisconsin,L,9,18,,,
1975,11/8,vs.,Ohio State,L,3,40,,,
1975,11/15,vs.,Michigan,L,15,21,,,
1975,11/22,@,Northwestern,W,28,7,,,
1974,9/14,vs.,Indiana,W,16,0,,,
1974,9/21,@,Stanford,W,41,7,,,
1974,9/28,vs.,Washington State,W,21,19,,,
1974,10/5,vs.,California,L,14,31,,,
1974,10/12,@,Purdue,W,27,23,,,
1974,10/19,vs.,Michigan State,T,21,21,,,
1974,10/26,@,Iowa,L,12,14,,,
1974,11/2,@,Ohio State,L,7,49,,,
1974,11/9,vs.,Michigan,L,6,14,,,
1974,11/16,@,Minnesota,W,17,14,,,
1974,11/23,vs.,Northwestern,W,28,14,,,
1973,9/15,@,Indiana,W,28,14,,,
1973,9/22,@,California,W,27,7,,,
1973,9/29,vs.,West Virginia,L,10,17,,,
1973,10/6,vs.,Stanford,L,0,24,,,
1973,10/13,vs.,Purdue,W,15,13,,,
1973,10/20,@,Michigan State,W,6,3,,,
1973,10/27,vs.,Iowa,W,50,0,,,
1973,11/3,vs.,Ohio State,L,0,30,,,
1973,11/10,@,Michigan,L,6,21,,,
1973,11/17,vs.,Minnesota,L,16,19,,,
1973,11/24,@,Northwestern,L,6,9,,,
1972,9/16,vs.,Michigan State,L,0,24,,,
1972,9/23,vs.,Southern California,L,20,55,,,
1972,9/30,@,Washington,L,11,31,,,
1972,10/7,vs.,Penn State,L,17,35,,,
1972,10/14,@,Ohio State,L,7,26,,,
1972,10/21,vs.,Michigan,L,7,31,,,
1972,10/28,@,Purdue,L,14,20,,,
1972,11/4,@,Northwestern,W,43,13,,,
1972,11/11,vs.,Indiana,W,37,20,,,
1972,11/18,vs.,Wisconsin,W,27,7,,,
1972,11/25,@,Iowa,L,14,15,,,
1971,9/11,@,Michigan State,L,0,10,,,
1971,9/18,vs.,North Carolina,L,0,27,,,
1971,9/25,@,Southern California,L,0,28,,,
1971,10/2,vs.,Washington,L,14,52,,,
1971,10/9,vs.,Ohio State,L,10,24,,,
1971,10/16,@,Michigan,L,6,35,,,
1971,10/23,vs.,Purdue,W,21,7,,,
1971,10/30,vs.,Northwestern,W,24,7,,,
1971,11/6,@,Indiana,W,22,21,,,
1971,11/13,@,Wisconsin,W,35,27,,,
1971,11/20,vs.,Iowa,W,31,0,,,
1970,9/19,vs.,Oregon,W,20,16,,,
1970,9/26,vs.,Tulane,L,9,23,,,
1970,10/3,vs.,Syracuse,W,27,0,,,
1970,10/10,@,Northwestern,L,0,48,,,
1970,10/17,vs.,Indiana,L,24,30,,,
1970,10/24,vs.,Ohio State,L,29,48,,,
1970,10/31,@,Purdue,W,23,21,,,
1970,11/7,@,Michigan,L,0,42,,,
1970,11/14,vs.,Wisconsin,L,17,29,,,
1970,11/21,@,Iowa,L,16,22,,,
1969,9/20,vs.,Washington State,L,18,19,,,
1969,9/27,vs.,Missouri,L,6,37,@ St. Louis, MO,
1969,10/4,vs.,Iowa State,L,20,48,,,
1969,10/11,vs.,Northwestern,L,6,10,,,
1969,10/18,@,Indiana,L,20,41,,,
1969,10/25,@,Ohio State,L,0,41,,,
1969,11/1,vs.,Purdue,L,22,49,,,
1969,11/8,vs.,Michigan,L,0,57,,,
1969,11/15,@,Wisconsin,L,14,55,,,
1969,11/22,vs.,Iowa,L,0,40,,,
1968,9/21,vs.,Kansas,L,7,47,,,
1968,9/28,vs.,Missouri,L,0,44,,,
1968,10/5,@,Indiana,L,14,28,,,
1968,10/12,@,Minnesota,L,10,17,,,
1968,10/19,@,Notre Dame,L,8,58,,,
1968,10/26,vs.,Ohio State,L,24,31,,,
1968,11/2,@,Purdue,L,17,35,,,
1968,11/9,@,Michigan,L,0,36,,,
1968,11/16,vs.,Northwestern,W,14,0,,,
1968,11/23,vs.,Iowa,L,13,37,,,
1967,9/23,@,Florida,L,0,14,,,
1967,9/30,vs.,Pittsburgh,W,34,6,,,
1967,10/7,vs.,Indiana,L,7,20,,,
1967,10/14,vs.,Minnesota,L,7,10,,,
1967,10/21,vs.,Notre Dame,L,7,47,,,
1967,10/28,@,Ohio State,W,17,13,,,
1967,11/4,vs.,Purdue,L,9,42,,,
1967,11/11,vs.,Michigan,L,14,21,,,
1967,11/18,@,Northwestern,W,27,21,,,
1967,11/25,@,Iowa,W,21,19,,,
1966,9/17,@,Southern Methodist,L,7,26,,,
1966,9/24,vs.,Missouri,L,14,21,,,
1966,10/1,vs.,Michigan State,L,10,26,,,
1966,10/8,vs.,Ohio State,W,10,9,,,
1966,10/15,@,Indiana,W,24,10,,,
1966,10/22,vs.,Stanford,L,3,6,,,
1966,10/29,@,Purdue,L,21,25,,,
1966,11/5,@,Michigan,W,28,21,,,
1966,11/12,vs.,Wisconsin,W,49,14,,,
1966,11/19,@,Northwestern,L,7,35,,,
1965,9/18,vs.,Oregon State,L,10,12,,,
1965,9/25,vs.,Southern Methodist,W,42,0,,,
1965,10/2,@,Michigan State,L,12,22,,,
1965,10/9,@,Ohio State,L,14,28,,,
1965,10/16,vs.,Indiana,W,34,13,,,
1965,10/23,vs.,Duke,W,28,14,,,
1965,10/30,vs.,Purdue,W,21,0,,,
1965,11/6,vs.,Michigan,L,3,23,,,
1965,11/13,@,Wisconsin,W,51,0,,,
1965,11/20,@,Northwestern,W,20,6,,,
1964,9/26,@,California,W,20,14,,,
1964,10/3,@,Northwestern,W,17,6,,,
1964,10/10,vs.,Ohio State,L,0,26,,,
1964,10/17,@,Minnesota,W,14,0,,,
1964,10/24,vs.,UCLA,W,26,7,,,
1964,10/31,@,Purdue,L,14,26,,,
1964,11/7,@,Michigan,L,6,21,,,
1964,11/14,vs.,Wisconsin,W,29,0,,,
1964,11/21,vs.,Michigan State,W,16,0,,,
1963,9/28,vs.,California,W,10,0,,,
1963,10/5,vs.,Northwestern,W,10,9,,,
1963,10/12,@,Ohio State,T,20,20,,,
1963,10/19,vs.,Minnesota,W,16,6,,,
1963,10/25,@,UCLA,W,18,12,,,
1963,11/2,vs.,Purdue,W,41,21,,,
1963,11/9,vs.,Michigan,L,8,14,,,
1963,11/16,@,Wisconsin,W,17,7,,,
1963,11/28,@,Michigan State,W,13,0,,,
1963,1/1,vs.,Washington,W,17,7,@ Pasadena, CA,Rose Bowl
1962,9/29,@,Washington,L,7,28,,,
1962,10/6,@,Northwestern,L,0,45,,,
1962,10/13,vs.,Ohio State,L,15,51,,,
1962,10/20,@,Minnesota,L,0,17,,,
1962,10/27,vs.,Southern California,L,16,28,,,
1962,11/3,@,Purdue,W,14,10,,,
1962,11/10,@,Michigan,L,10,14,,,
1962,11/17,vs.,Wisconsin,L,6,35,,,
1962,11/24,vs.,Michigan State,W,7,6,,,
1961,9/30,vs.,Washington,L,7,20,,,
1961,10/7,vs.,Northwestern,L,7,28,,,
1961,10/14,@,Ohio State,L,0,44,,,
1961,10/21,vs.,Minnesota,L,0,33,,,
1961,10/28,@,Southern California,L,10,14,,,
1961,11/4,vs.,Purdue,L,9,23,,,
1961,11/11,vs.,Michigan,L,6,38,,,
1961,11/18,@,Wisconsin,L,7,55,,,
1961,11/25,@,Michigan State,L,7,34,,,
1960,9/24,vs.,Indiana,W,17,6,,,
1960,10/1,vs.,West Virginia,W,33,0,,,
1960,10/8,vs.,Ohio State,L,7,34,,,
1960,10/15,@,Minnesota,L,10,21,,,
1960,10/22,vs.,Penn State,W,10,8,,,
1960,10/29,@,Purdue,W,14,12,,,
1960,11/5,@,Michigan,L,7,8,,,
1960,11/12,vs.,Wisconsin,W,35,14,,,
1960,11/19,@,Northwestern,L,7,14,,,
1959,9/26,@,Indiana,L,0,20,,,
1959,10/3,vs.,Army,W,20,14,,,
1959,10/10,@,Ohio State,W,9,0,,,
1959,10/17,vs.,Minnesota,W,14,6,,,
1959,10/24,vs.,Penn State,L,9,20,@ Cleveland, OH,
1959,10/31,vs.,Purdue,T,7,7,,,
1959,11/7,vs.,Michigan,L,15,20,,,
1959,11/14,@,Wisconsin,W,9,6,,,
1959,11/21,vs.,Northwestern,W,28,0,,,
1958,9/27,vs.,UCLA,L,14,18,,,
1958,10/4,@,Duke,L,13,15,,,
1958,10/11,vs.,Ohio State,L,13,19,,,
1958,10/18,@,Minnesota,W,20,8,,,
1958,10/25,vs.,Michigan State,W,16,0,,,
1958,11/1,@,Purdue,L,8,31,,,
1958,11/8,@,Michigan,W,21,8,,,
1958,11/15,vs.,Wisconsin,L,12,31,,,
1958,11/22,vs.,Northwestern,W,27,20,,,
1957,9/27,@,UCLA,L,6,16,,,
1957,10/5,vs.,Colgate,W,40,0,,,
1957,10/12,@,Ohio State,L,7,21,,,
1957,10/19,vs.,Minnesota,W,34,13,,,
1957,10/26,@,Michigan State,L,14,19,,,
1957,11/2,vs.,Purdue,L,6,21,,,
1957,11/9,vs.,Michigan,W,20,19,,,
1957,11/16,@,Wisconsin,L,13,24,,,
1957,11/23,vs.,Northwestern,W,27,0,,,
1956,9/29,vs.,California,W,32,20,,,
1956,10/6,@,Washington,L,13,28,,,
1956,10/13,vs.,Ohio State,L,6,26,,,
1956,10/20,@,Minnesota,L,13,16,,,
1956,10/27,vs.,Michigan State,W,20,13,,,
1956,11/3,@,Purdue,T,7,7,,,
1956,11/10,@,Michigan,L,7,17,,,
1956,11/17,vs.,Wisconsin,T,13,13,,,
1956,11/24,@,Northwestern,L,13,14,,,
1955,9/24,@,California,W,20,13,,,
1955,10/1,vs.,Iowa State,W,40,0,,,
1955,10/8,@,Ohio State,L,12,27,,,
1955,10/15,vs.,Minnesota,W,21,13,,,
1955,10/22,@,Michigan State,L,7,21,,,
1955,10/29,vs.,Purdue,L,0,13,,,
1955,11/5,vs.,Michigan,W,25,6,,,
1955,11/12,@,Wisconsin,W,17,14,,,
1955,11/19,@,Northwestern,T,7,7,,,
1954,9/25,vs.,Penn State,L,12,14,,,
1954,10/2,@,Stanford,L,2,12,,,
1954,10/9,vs.,Ohio State,L,7,40,,,
1954,10/16,@,Minnesota,L,6,19,,,
1954,10/23,vs.,Syracuse,W,34,6,,,
1954,10/30,@,Purdue,L,14,28,,,
1954,11/6,@,Michigan,L,7,14,,,
1954,11/13,vs.,Wisconsin,L,14,27,,,
1954,11/20,vs.,Northwestern,L,7,20,,,
1953,9/26,vs.,Nebraska,T,21,21,,,
1953,10/3,vs.,Stanford,W,33,21,,,
1953,10/10,@,Ohio State,W,41,20,,,
1953,10/17,vs.,Minnesota,W,27,7,,,
1953,10/24,vs.,Syracuse,W,20,13,,,
1953,10/31,vs.,Purdue,W,21,0,,,
1953,11/7,vs.,Michigan,W,19,3,,,
1953,11/14,@,Wisconsin,L,7,34,,,
1953,11/21,@,Northwestern,W,39,14,,,
1952,9/27,vs.,Iowa State,W,33,7,,,
1952,10/4,@,Wisconsin,L,6,20,,,
1952,10/11,vs.,Washington,W,48,14,,,
1952,10/18,@,Minnesota,L,7,13,,,
1952,10/25,vs.,Purdue,L,12,40,,,
1952,11/1,@,Michigan,W,22,13,,,
1952,11/8,@,Iowa,W,33,13,,,
1952,11/15,vs.,Ohio State,L,7,27,,,
1952,11/22,vs.,Northwestern,L,26,28,,,
1951,9/29,vs.,UCLA,W,27,13,,,
1951,10/6,vs.,Wisconsin,W,14,10,,,
1951,10/13,@,Syracuse,W,41,20,,,
1951,10/20,@,Washington,W,27,20,,,
1951,10/27,@,Indiana,W,21,0,,,
1951,11/3,vs.,Michigan,W,7,0,,,
1951,11/10,vs.,Iowa,W,40,13,,,
1951,11/17,@,Ohio State,T,0,0,,,
1951,11/24,@,Northwestern,W,3,0,,,
1951,1/1,vs.,Stanford,W,40,7,@ Pasadena, CA,Rose Bowl
1950,9/30,vs.,Ohio,W,28,2,,,
1950,10/7,vs.,Wisconsin,L,6,7,,,
1950,10/13,@,UCLA,W,14,6,,,
1950,10/21,vs.,Washington,W,20,13,,,
1950,10/28,vs.,Indiana,W,20,0,,,
1950,11/4,@,Michigan,W,7,0,,,
1950,11/11,@,Iowa,W,21,7,,,
1950,11/18,vs.,Ohio State,W,14,7,,,
1950,11/25,@,Northwestern,L,7,14,,,
1949,9/24,vs.,Iowa State,T,20,20,,,
1949,10/1,vs.,Wisconsin,T,13,13,,,
1949,10/8,@,Iowa,W,20,14,,,
1949,10/15,vs.,Missouri,L,20,27,,,
1949,10/22,@,Purdue,W,19,0,,,
1949,10/29,vs.,Michigan,L,0,13,,,
1949,11/5,vs.,Indiana,W,33,14,,,
1949,11/12,@,Ohio State,L,17,30,,,
1949,11/19,vs.,Northwestern,L,7,9,,,
1948,9/25,vs.,Kansas State,W,40,0,,,
1948,10/2,@,Wisconsin,L,16,20,,,
1948,10/9,vs.,Army,L,21,26,,,
1948,10/16,@,Minnesota,L,0,6,,,
1948,10/23,vs.,Purdue,W,10,6,,,
1948,10/30,@,Michigan,L,20,28,,,
1948,11/6,vs.,Iowa,W,14,0,,,
1948,11/13,vs.,Ohio State,L,7,34,,,
1948,11/20,@,Northwestern,L,7,20,,,
1947,9/27,vs.,Pittsburgh,W,14,0,,,
1947,10/4,@,Iowa,W,35,12,,,
1947,10/11,vs.,Army,T,0,0,@ Bronx, NY,
1947,10/18,vs.,Minnesota,W,40,13,,,
1947,10/25,@,Purdue,L,7,14,,,
1947,11/1,vs.,Michigan,L,7,14,,,
1947,11/8,vs.,Western Michigan,W,60,14,,,
1947,11/15,@,Ohio State,W,28,7,,,
1947,11/22,vs.,Northwestern,L,13,28,,,
1946,9/21,@,Pittsburgh,W,33,7,,,
1946,9/28,vs.,Notre Dame,L,6,26,,,
1946,10/5,vs.,Purdue,W,43,7,,,
1946,10/12,@,Indiana,L,7,14,,,
1946,10/19,vs.,Wisconsin,W,27,21,,,
1946,10/26,@,Michigan,W,13,9,,,
1946,11/2,@,Iowa,W,7,0,,,
1946,11/16,vs.,Ohio State,W,16,7,,,
1946,11/23,@,Northwestern,W,20,0,,,
1946,1/1,vs.,UCLA,W,45,14,@ Pasadena, CA,Rose Bowl
1945,9/22,vs.,Pittsburgh,W,23,6,,,
1945,9/29,@,Notre Dame,L,0,7,,,
1945,10/6,vs.,Indiana,L,0,6,,,
1945,10/20,@,Wisconsin,T,7,7,,,
1945,10/27,vs.,Michigan,L,0,19,,,
1945,11/3,vs.,Great Lakes Navy,L,6,12,,,
1945,11/10,vs.,Iowa,W,48,7,,,
1945,11/17,@,Ohio State,L,2,27,,,
1945,11/24,@,Northwestern,L,7,13,,,
1944,9/16,vs.,Illinois State,W,79,0,,,
1944,9/23,vs.,Indiana,W,26,18,,,
1944,9/30,@,Great Lakes Navy,T,26,26,,,
1944,10/7,vs.,Purdue,L,19,35,,,
1944,10/14,vs.,Iowa,W,40,6,,,
1944,10/21,@,Pittsburgh,W,39,5,,,
1944,10/28,vs.,Notre Dame,L,7,13,,,
1944,11/11,@,Michigan,L,0,14,,,
1944,11/18,vs.,Ohio State,L,12,26,@ Cleveland, OH,
1944,11/25,@,Northwestern,W,25,6,,,
1943,9/11,vs.,Camp Grant,L,0,23,,,
1943,9/18,vs.,Iowa Pre-Flight,L,18,32,,,
1943,10/2,@,Purdue,L,21,40,,,
1943,10/9,@,Wisconsin,W,25,7,,,
1943,10/16,vs.,Pittsburgh,W,33,25,,,
1943,10/23,@,Notre Dame,L,0,47,,,
1943,10/30,vs.,Michigan,L,6,42,,,
1943,11/6,@,Iowa,W,19,10,,,
1943,11/13,@,Ohio State,L,26,29,,,
1943,11/20,@,Northwestern,L,6,53,,,
1942,9/26,vs.,South Dakota,W,46,0,,,
1942,10/3,vs.,Butler,W,67,0,,,
1942,10/10,vs.,Minnesota,W,20,13,,,
1942,10/17,@,Iowa,W,12,7,,,
1942,10/24,vs.,Notre Dame,L,14,21,,,
1942,10/31,@,Michigan,L,14,28,,,
1942,11/7,@,Northwestern,W,14,7,,,
1942,11/14,vs.,Ohio State,L,20,44,@ Cleveland, OH,
1942,11/21,vs.,Great Lakes Navy,L,0,6,,,
1942,11/28,@,Camp Grant,W,20,0,,,
1941,10/4,vs.,Miami,W,45,0,,,
1941,10/11,@,Minnesota,L,6,34,,,
1941,10/18,vs.,Drake,W,40,0,,,
1941,10/25,@,Notre Dame,L,14,49,,,
1941,11/1,vs.,Michigan,L,0,20,,,
1941,11/8,vs.,Iowa,L,0,21,,,
1941,11/15,@,Ohio State,L,7,12,,,
1941,11/22,@,Northwestern,L,0,27,,,
1940,10/5,vs.,Bradley,W,31,0,,,
1940,10/12,vs.,Southern California,L,7,13,,,
1940,10/19,@,Michigan,L,0,28,,,
1940,10/26,vs.,Notre Dame,L,0,26,,,
1940,11/2,@,Wisconsin,L,6,13,,,
1940,11/9,@,Northwestern,L,14,32,,,
1940,11/16,vs.,Ohio State,L,6,14,,,
1940,11/23,@,Iowa,L,7,18,,,
1939,9/30,vs.,Bradley,T,0,0,,,
1939,10/14,@,Southern California,L,0,26,,,
1939,10/21,vs.,Indiana,L,6,7,,,
1939,10/28,@,Northwestern,L,0,13,,,
1939,11/4,vs.,Michigan,W,16,7,,,
1939,11/11,vs.,Wisconsin,W,7,0,,,
1939,11/18,@,Ohio State,L,0,21,,,
1939,11/25,@,Chicago,W,46,0,,,
1938,9/24,vs.,Ohio,L,0,6,,,
1938,10/1,vs.,DePaul,W,44,7,,,
1938,10/8,vs.,Indiana,W,12,2,,,
1938,10/15,@,Notre Dame,L,6,14,,,
1938,10/22,vs.,Northwestern,L,0,13,,,
1938,10/29,@,Michigan,L,0,14,,,
1938,11/12,vs.,Ohio State,L,14,32,,,
1938,11/19,@,Chicago,W,34,0,,,
1937,9/25,vs.,Ohio,W,20,6,,,
1937,10/2,vs.,DePaul,T,0,0,,,
1937,10/9,vs.,Notre Dame,T,0,0,,,
1937,10/16,@,Indiana,L,6,13,,,
1937,10/30,vs.,Michigan,L,6,7,,,
1937,11/6,@,Northwestern,W,6,0,,,
1937,11/13,@,Ohio State,L,0,19,,,
1937,11/20,vs.,Chicago,W,21,0,,,
1936,9/26,vs.,DePaul,W,9,6,,,
1936,10/3,vs.,Washington,W,13,7,,,
1936,10/10,vs.,Southern California,L,6,24,,,
1936,10/17,@,Iowa,T,0,0,,,
1936,10/24,vs.,Northwestern,L,2,13,,,
1936,10/31,@,Michigan,W,9,6,,,
1936,11/14,vs.,Ohio State,L,0,13,,,
1936,11/21,@,Chicago,W,18,7,,,
1935,9/28,vs.,Ohio,L,0,6,,,
1935,10/5,vs.,Washington,W,28,6,,,
1935,10/12,@,Southern California,W,19,0,,,
1935,10/26,vs.,Iowa,L,0,19,,,
1935,11/2,@,Northwestern,L,3,10,,,
1935,11/9,vs.,Michigan,W,3,0,,,
1935,11/16,@,Ohio State,L,0,6,,,
1935,11/23,vs.,Chicago,L,6,7,,,
1934,9/29,vs.,Bradley,W,40,7,,,
1934,10/6,@,Washington,W,12,7,,,
1934,10/13,vs.,Ohio State,W,14,13,,,
1934,10/27,@,Michigan,W,7,6,,,
1934,11/3,vs.,Army,W,7,0,,,
1934,11/10,@,Northwestern,W,14,3,,,
1934,11/17,@,Wisconsin,L,3,7,,,
1934,11/24,@,Chicago,W,6,0,,,
1933,9/30,vs.,Drake,W,13,6,,,
1933,10/7,@,Washington,W,21,6,,,
1933,10/14,vs.,Wisconsin,W,21,0,,,
1933,10/21,vs.,Army,L,0,6,@ Cleveland, OH,
1933,11/4,vs.,Michigan,L,6,7,,,
1933,11/11,@,Northwestern,W,3,0,,,
1933,11/18,vs.,Chicago,W,7,0,,,
1933,11/25,@,Ohio State,L,6,7,,,
1932,10/1,vs.,Miami,W,20,7,,,
1932,10/1,vs.,Coe,W,13,0,,,
1932,10/8,vs.,Bradley,W,20,0,,,
1932,10/15,vs.,Northwestern,L,0,26,,,
1932,10/22,@,Michigan,L,0,32,,,
1932,10/29,@,Chicago,W,13,7,,,
1932,11/5,@,Wisconsin,L,12,20,,,
1932,11/12,vs.,Indiana,W,18,6,,,
1932,11/19,vs.,Ohio State,L,0,3,,,
1931,10/3,vs.,St. Louis,W,20,6,,,
1931,10/10,@,Purdue,L,0,7,,,
1931,10/17,vs.,Bradley,W,20,0,,,
1931,10/24,vs.,Michigan,L,0,35,,,
1931,10/31,@,Northwestern,L,6,32,,,
1931,11/7,vs.,Wisconsin,L,6,7,,,
1931,11/14,vs.,Chicago,L,6,13,,,
1931,11/21,@,Ohio State,L,0,40,,,
1930,10/4,vs.,Iowa State,W,7,0,,,
1930,10/11,vs.,Butler,W,27,0,,,
1930,10/18,vs.,Northwestern,L,0,32,,,
1930,10/25,@,Michigan,L,7,15,,,
1930,11/1,vs.,Purdue,L,0,25,,,
1930,11/8,vs.,Army,L,0,13,@ Bronx, NY,
1930,11/15,@,Chicago,W,28,0,,,
1930,11/22,vs.,Ohio State,L,9,12,,,
1929,10/5,vs.,Kansas,W,25,0,,,
1929,10/12,vs.,Bradley,W,45,0,,,
1929,10/20,@,Iowa,T,7,7,,,
1929,10/26,vs.,Michigan,W,14,0,,,
1929,11/2,@,Northwestern,L,0,7,,,
1929,11/9,vs.,Army,W,17,7,,,
1929,11/16,vs.,Chicago,W,20,6,,,
1929,11/23,@,Ohio State,W,27,0,,,
1928,10/6,vs.,Bradley,W,33,6,,,
1928,10/13,vs.,Coe,W,31,0,,,
1928,10/20,vs.,Indiana,W,13,7,,,
1928,10/27,vs.,Northwestern,W,6,0,,,
1928,11/3,@,Michigan,L,0,3,,,
1928,11/10,@,Butler,W,14,0,,,
1928,11/17,@,Chicago,W,40,0,,,
1928,11/24,vs.,Ohio State,W,8,0,,,
1927,10/1,vs.,Bradley,W,19,0,,,
1927,10/8,vs.,Butler,W,58,0,,,
1927,10/15,vs.,Iowa State,T,12,12,,,
1927,10/22,@,Northwestern,W,7,6,,,
1927,10/29,vs.,Michigan,W,14,0,,,
1927,11/5,@,Iowa,W,14,0,,,
1927,11/12,vs.,Chicago,W,15,6,,,
1927,11/19,@,Ohio State,W,13,0,,,
1926,10/2,vs.,Coe,W,27,0,,,
1926,10/9,vs.,Butler,W,38,7,,,
1926,10/16,vs.,Iowa,W,13,6,,,
1926,10/23,@,Michigan,L,0,13,,,
1926,10/30,vs.,Pennsylvania,W,3,0,,,
1926,11/6,@,Chicago,W,7,0,,,
1926,11/13,vs.,Wabash,W,27,13,,,
1926,11/20,vs.,Ohio State,L,6,7,,,
1925,10/3,vs.,Nebraska,L,0,14,,,
1925,10/10,vs.,Butler,W,16,13,,,
1925,10/17,@,Iowa,L,10,12,,,
1925,10/24,vs.,Michigan,L,0,3,,,
1925,10/31,@,Pennsylvania,W,24,2,,,
1925,11/7,vs.,Chicago,W,13,6,,,
1925,11/14,vs.,Wabash,W,21,0,,,
1925,11/21,@,Ohio State,W,14,9,,,
1924,10/4,@,Nebraska,W,9,6,,,
1924,10/11,vs.,Butler,W,40,10,,,
1924,10/18,vs.,Michigan,W,39,14,,,
1924,10/25,vs.,DePauw,W,45,0,,,
1924,11/1,vs.,Iowa,W,36,0,,,
1924,11/8,@,Chicago,T,21,21,,,
1924,11/15,@,Minnesota,L,7,20,,,
1924,11/22,vs.,Ohio State,W,7,0,,,
1923,10/6,vs.,Nebraska,W,24,7,,,
1923,10/13,vs.,Butler,W,21,7,,,
1923,10/20,@,Iowa,W,9,6,,,
1923,10/27,vs.,Northwestern,W,29,0,@ Chicago, IL,
1923,11/3,vs.,Chicago,W,7,0,,,
1923,11/10,vs.,Wisconsin,W,10,0,,,
1923,11/17,vs.,Mississippi State,W,27,0,,,
1923,11/24,@,Ohio State,W,9,0,,,
1922,10/14,vs.,Butler,L,7,10,,,
1922,10/21,vs.,Iowa,L,7,8,,,
1922,10/28,@,Michigan,L,0,24,,,
1922,11/4,vs.,Northwestern,W,6,3,,,
1922,11/11,@,Wisconsin,W,3,0,,,
1922,11/18,@,Chicago,L,0,9,,,
1922,11/25,vs.,Ohio State,L,3,6,,,
1921,10/8,vs.,South Dakota,W,52,0,,,
1921,10/15,@,Iowa,L,2,14,,,
1921,10/22,vs.,Wisconsin,L,0,20,,,
1921,10/29,vs.,Michigan,L,0,3,,,
1921,11/5,vs.,DePauw,W,21,0,,,
1921,11/12,vs.,Chicago,L,6,14,,,
1921,11/19,@,Ohio State,W,7,0,,,
1920,10/9,vs.,Drake,W,41,0,,,
1920,10/16,vs.,Iowa,W,20,3,,,
1920,10/23,@,Michigan,W,7,6,,,
1920,10/30,vs.,Minnesota,W,17,7,,,
1920,11/6,@,Chicago,W,3,0,,,
1920,11/13,@,Wisconsin,L,9,14,,,
1920,11/20,vs.,Ohio State,L,0,7,,,
1919,10/11,@,Purdue,W,14,7,,,
1919,10/18,vs.,Iowa,W,9,7,,,
1919,10/25,vs.,Wisconsin,L,10,14,,,
1919,11/1,vs.,Chicago,W,10,0,,,
1919,11/8,@,Minnesota,W,10,6,,,
1919,11/15,vs.,Michigan,W,29,7,,,
1919,11/22,@,Ohio State,W,9,7,,,
1918,10/4,@,Chanute Field,W,3,0,,,
1918,10/12,vs.,Great Lakes Navy,L,0,7,,,
1918,10/26,vs.,Chicago Naval Reserve,L,0,7,,,
1918,11/2,@,Iowa,W,19,0,,,
1918,11/9,@,Wisconsin,W,22,0,,,
1918,11/16,vs.,Ohio State,W,13,0,,,
1918,11/23,@,Chicago,W,29,0,,,
1917,10/6,vs.,Kansas,W,22,0,,,
1917,10/13,vs.,Oklahoma,W,44,0,,,
1917,10/20,vs.,Wisconsin,W,7,0,,,
1917,10/27,vs.,Purdue,W,27,0,,,
1917,11/3,@,Chicago,T,0,0,,,
1917,11/17,@,Ohio State,L,0,13,,,
1917,11/24,vs.,Minnesota,L,6,27,,,
1917,11/29,@,Camp Funston,W,28,0,,,
1916,10/7,vs.,Kansas,W,30,0,,,
1916,10/14,vs.,Colgate,L,3,15,,,
1916,10/21,vs.,Ohio State,L,6,7,,,
1916,10/28,@,Purdue,W,14,7,,,
1916,11/11,@,Minnesota,W,14,9,,,
1916,11/18,vs.,Chicago,L,7,20,,,
1916,11/25,@,Wisconsin,T,0,0,,,
1915,10/2,vs.,Haskell,W,36,0,,,
1915,10/9,vs.,Missouri-Rolla,W,75,7,,,
1915,10/16,@,Ohio State,T,3,3,,,
1915,10/23,vs.,Northwestern,W,36,6,,,
1915,11/6,vs.,Minnesota,T,6,6,,,
1915,11/13,vs.,Wisconsin,W,17,3,,,
1915,11/20,@,Chicago,W,10,0,,,
1914,10/3,vs.,Christian Brothers,W,37,0,,,
1914,10/10,vs.,Indiana,W,51,0,,,
1914,10/17,vs.,Ohio State,W,37,0,,,
1914,10/24,@,Northwestern,W,33,0,,,
1914,10/31,@,Minnesota,W,21,6,,,
1914,11/14,vs.,Chicago,W,21,7,,,
1914,11/21,@,Wisconsin,W,24,9,,,
1913,10/4,vs.,Kentucky,W,21,0,,,
1913,10/11,vs.,Missouri,W,24,7,,,
1913,10/18,vs.,Northwestern,W,37,0,,,
1913,10/25,@,Indiana,W,10,0,,,
1913,11/1,@,Chicago,L,7,28,,,
1913,11/15,vs.,Purdue,T,0,0,,,
1913,11/22,vs.,Minnesota,L,9,19,,,
1912,10/5,vs.,Illinois Wesleyan,W,87,3,,,
1912,10/12,vs.,Washington,W,13,0,,,
1912,10/19,vs.,Indiana,W,13,7,,,
1912,11/2,@,Minnesota,L,0,13,,,
1912,11/9,@,Purdue,T,9,9,,,
1912,11/16,vs.,Chicago,L,0,10,,,
1912,11/23,@,Northwestern,L,0,6,,,
1911,10/7,vs.,James Millikin,W,33,0,,,
1911,10/14,vs.,St. Louis,W,9,0,,,
1911,10/21,@,Chicago,L,0,24,,,
1911,11/4,vs.,Purdue,W,12,3,,,
1911,11/11,@,Indiana,T,0,0,,,
1911,11/18,vs.,Northwestern,W,27,13,,,
1911,11/25,vs.,Minnesota,L,0,11,,,
1910,10/1,vs.,James Millikin,W,13,0,,,
1910,10/8,vs.,Drake,W,29,0,,,
1910,10/15,vs.,Chicago,W,3,0,,,
1910,10/29,@,Purdue,W,11,0,,,
1910,11/5,@,Indiana,W,3,0,,,
1910,11/12,@,Northwestern,W,27,0,,,
1910,11/19,vs.,Syracuse,W,3,0,,,
1909,10/2,vs.,James Millikin,W,23,0,,,
1909,10/9,vs.,Kentucky,L,2,6,,,
1909,10/16,@,Chicago,L,8,14,,,
1909,10/30,vs.,Purdue,W,24,6,,,
1909,11/6,vs.,Indiana,W,6,5,,,
1909,11/13,@,Northwestern,W,35,0,,,
1909,11/20,@,Syracuse,W,17,8,,,
1908,10/3,vs.,Monmouth,W,17,6,,,
1908,10/10,vs.,Marquette,T,6,6,,,
1908,10/17,@,Chicago,L,6,11,,,
1908,10/31,vs.,Indiana,W,10,0,,,
1908,11/7,vs.,Iowa,W,22,0,,,
1908,11/14,@,Purdue,W,15,6,,,
1908,11/21,vs.,Northwestern,W,64,8,,,
1907,10/19,vs.,Chicago,L,6,42,,,
1907,10/26,@,Wisconsin,W,15,4,,,
1907,11/2,vs.,Purdue,W,21,4,,,
1907,11/9,@,Iowa,L,12,25,,,
1907,11/22,@,Indiana,W,10,6,,,
1906,10/13,vs.,Wabash,T,0,0,,,
1906,10/27,@,Michigan,L,9,28,,,
1906,11/10,vs.,Wisconsin,L,6,16,,,
1906,11/17,@,Chicago,L,0,63,,,
1906,11/25,@,Purdue,W,5,0,,,
1905,9/30,vs.,Knox,W,6,0,,,
1905,10/4,vs.,Wabash,W,6,0,,,
1905,10/7,vs.,North Central,W,24,0,,,
1905,10/14,vs.,St. Louis,W,12,6,,,
1905,10/21,vs.,Purdue,L,0,29,,,
1905,10/28,vs.,Physicians & Surgeons,W,30,0,,,
1905,11/4,vs.,Michigan,L,0,33,,,
1905,11/18,@,Chicago,L,0,44,,,
1905,11/30,@,Nebraska,L,6,24,,,
1904,9/24,vs.,North Central,W,10,0,,,
1904,9/28,vs.,Wabash,W,23,2,,,
1904,10/1,vs.,Knox,W,11,0,,,
1904,10/5,vs.,Physicians & Surgeons,W,26,0,,,
1904,10/8,@,Washington,W,31,0,,,
1904,10/15,vs.,Indiana,W,10,0,,,
1904,10/22,@,Purdue,W,24,6,,,
1904,10/29,@,Chicago,T,6,6,,,
1904,11/5,@,Ohio State,W,46,0,,,
1904,11/12,@,Northwestern,L,6,12,,,
1904,11/19,vs.,Iowa,W,29,0,,,
1904,11/24,@,Nebraska,L,10,16,,,
1903,9/19,vs.,Englewood High,W,45,5,,,
1903,9/26,vs.,Lombard,W,43,0,,,
1903,9/30,vs.,American Osteopath,W,36,0,,,
1903,10/3,vs.,Knox,W,29,5,,,
1903,10/7,vs.,Physicians & Surgeons,W,40,0,,,
1903,10/10,vs.,Rush Medical,W,64,0,,,
1903,10/14,vs.,Chicago Dental,W,54,0,,,
1903,10/17,@,Purdue,W,24,0,,,
1903,10/24,@,Chicago,L,6,18,,,
1903,10/31,vs.,Northwestern,L,11,12,,,
1903,11/6,@,Indiana,L,0,17,,,
1903,11/14,vs.,Minnesota,L,0,32,,,
1903,11/21,@,Iowa,L,0,12,,,
1903,11/26,@,Nebraska,L,0,16,,,
1902,9/20,vs.,North Division High,W,34,6,,,
1902,9/27,vs.,Englewood High,W,45,0,,,
1902,10/1,vs.,American Osteopath,W,22,0,,,
1902,10/4,vs.,Monmouth,W,33,0,,,
1902,10/8,vs.,Haskell,W,24,10,,,
1902,10/11,vs.,Washington,W,44,0,,,
1902,10/18,vs.,Purdue,W,29,5,,,
1902,10/25,@,Chicago,L,0,6,,,
1902,11/1,vs.,Indiana,W,47,0,,,
1902,11/8,@,Minnesota,L,5,17,,,
1902,11/15,@,Ohio State,T,0,0,,,
1902,11/22,@,Northwestern,W,17,0,,,
1902,11/27,vs.,Iowa,W,80,0,,,
1901,9/28,vs.,Englewood High,W,39,0,,,
1901,10/5,vs.,Marion Sims,W,52,0,,,
1901,10/11,vs.,Physicians & Surgeons,W,23,0,,,
1901,10/12,vs.,Washington,W,21,0,,,
1901,10/19,@,Chicago,W,24,0,,,
1901,10/26,vs.,Northwestern,L,11,17,,,
1901,11/2,vs.,Indiana,W,18,0,@ Indianapolis, IN,
1901,11/9,@,Iowa,W,27,0,,,
1901,11/16,@,Purdue,W,28,6,,,
1901,11/28,vs.,Minnesota,L,0,16,,,
1900,9/29,vs.,Rose-Hulman,W,26,0,,,
1900,10/3,vs.,DePauw,W,63,0,,,
1900,10/6,vs.,Illinois Wesleyan,W,21,0,,,
1900,10/10,vs.,Physicians & Surgeons,W,6,0,,,
1900,10/13,vs.,Knox,W,16,0,,,
1900,10/16,vs.,Lombard,W,35,0,,,
1900,10/20,@,Northwestern,T,0,0,,,
1900,10/27,vs.,Michigan,L,0,12,@ Chicago, IL,
1900,11/3,vs.,Purdue,W,17,5,,,
1900,11/10,@,Minnesota,L,0,23,,,
1900,11/17,vs.,Indiana,T,0,0,@ Indianapolis, IN,
1900,11/24,@,Wisconsin,L,0,27,,,
1899,9/30,vs.,Illinois Wesleyan,W,6,0,,,
1899,10/7,@,Knox,W,5,0,,,
1899,10/14,vs.,Indiana,L,0,5,,,
1899,10/28,vs.,Michigan,L,0,5,,,
1899,11/6,vs.,Illinois Alumni,T,0,0,,,
1899,11/11,vs.,Wisconsin,L,0,23,@ Milwaukee, WI,
1899,11/22,vs.,Purdue,L,0,5,,,
1899,11/25,@,St. Louis,W,29,0,,,
1899,11/30,vs.,Iowa,L,0,58,@ Rock Island, IL,
1898,9/28,vs.,Illinois Wesleyan,W,18,0,,,
1898,10/1,vs.,Physicians & Surgeons,L,6,11,,,
1898,10/8,vs.,Notre Dame,L,0,5,,,
1898,10/15,vs.,DePauw,W,16,0,,,
1898,10/22,vs.,Illinois Alumni,W,10,6,,,
1898,11/4,vs.,Illinois Alumni,L,17,23,,,
1898,11/12,vs.,Michigan,L,5,12,@ Detroit, MI,
1898,11/19,vs.,Carlisle,L,0,11,@ Chicago, IL,
1898,11/24,vs.,Minnesota,W,11,10,,,
1897,10/2,vs.,Eureka,W,26,0,,,
1897,10/9,vs.,Physicians & Surgeons,W,6,0,,,
1897,10/16,vs.,Lake Forest,W,36,0,,,
1897,10/23,vs.,Purdue,W,34,4,,,
1897,10/30,vs.,Chicago,L,12,18,,,
1897,11/12,vs.,Knox,W,64,0,,,
1897,11/20,vs.,Carlisle,L,6,23,@ Chicago, IL,
1897,11/25,vs.,Eureka,W,6,0,@ Peoria, IL,
1896,10/3,vs.,Lake Forest,W,38,0,,,
1896,10/10,vs.,Knox,W,70,4,,,
1896,10/17,vs.,Missouri,W,10,0,@ St. Louis, MO,
1896,10/21,vs.,Oberlin,W,22,6,,,
1896,10/31,@,Chicago,L,0,12,,,
1896,11/7,vs.,Northwestern,L,4,10,,,
1896,11/25,@,Purdue,T,4,4,,,
1895,10/5,vs.,Wabash,W,48,0,,,
1895,10/12,@,Chicago A.C.,L,0,8,,,
1895,10/19,vs.,Illinois College,W,79,0,,,
1895,10/26,@,Wisconsin,T,10,10,,,
1895,11/2,vs.,Lake Forest,W,38,0,,,
1895,11/23,vs.,Northwestern,W,38,4,,,
1895,11/28,@,Purdue,L,2,6,,,
1894,10/6,@,Wabash,W,36,6,,,
1894,10/13,@,Chicago A.C.,L,0,14,,,
1894,10/20,vs.,Lake Forest,W,54,6,,,
1894,11/3,vs.,Northwestern,W,66,0,,,
1894,11/17,vs.,Purdue,L,2,22,,,
1894,11/24,vs.,Indianapolis Artillery,L,14,18,,,
1894,11/29,vs.,Pastime A.C.,W,10,0,@ St. Louis, MO,
1893,9/30,vs.,Wabash,W,60,6,,,
1893,10/7,@,DePauw,W,14,4,,,
1893,10/21,@,Northwestern,T,0,0,,,
1893,10/28,vs.,Chicago A.C.,L,4,10,,,
1893,11/6,vs.,Oberlin,L,24,34,,,
1893,11/11,vs.,Pastime A.C.,W,18,16,@ St. Louis, MO,
1893,11/25,@,Purdue,T,26,26,,,
1893,11/30,vs.,Lake Forest,T,10,10,,,
1892,10/8,vs.,Purdue,L,6,12,,,
1892,10/12,vs.,Northwestern,T,16,16,,,
1892,10/21,@,Washington,W,22,0,,,
1892,10/22,vs.,Doane,W,20,0,@ Omaha, NE,
1892,10/24,@,Nebraska,L,0,6,,,
1892,10/26,@,Baker,W,26,10,,,
1892,10/27,@,Kansas,L,4,26,,,
1892,10/29,@,Kansas City A.C.,W,42,0,,,
1892,11/5,vs.,Englewood High,W,38,0,,,
1892,11/16,@,Chicago,L,4,10,,,
1892,11/18,vs.,DePauw,W,34,0,,,
1892,11/24,vs.,Chicago,W,28,12,,,
